[
    {
        "qef_simple_location_rules": 0,
        "key": "group_68dcf113ad7e1",
        "title": "Job Arbeitsort",
        "fields": [
            {
                "allow_backendsearch": 1,
                "show_column_filter": false,
                "allow_bulkedit": 0,
                "allow_quickedit": 1,
                "show_column": 1,
                "show_column_weight": 1000,
                "show_column_sortable": 1,
                "key": "field_68dcf11403af0",
                "label": "Ort",
                "name": "job_location_place",
                "aria-label": "",
                "type": "text",
                "instructions": "Geben Sie hier den Ort als Adresse an.",
                "required": 0,
                "conditional_logic": 0,
                "wrapper": {
                    "width": "",
                    "class": "",
                    "id": ""
                },
                "default_value": "",
                "maxlength": "",
                "allow_in_bindings": 1,
                "placeholder": "Ort",
                "prepend": "",
                "append": ""
            },
            {
                "allow_backendsearch": 1,
                "show_column_filter": false,
                "allow_bulkedit": 0,
                "allow_quickedit": 1,
                "show_column": 1,
                "show_column_weight": 1000,
                "show_column_sortable": 1,
                "key": "field_68dcf1ad9046c",
                "label": "PLZ",
                "name": "job_location_zip",
                "aria-label": "",
                "type": "number",
                "instructions": "Geben Sie hier die Postleitzahl an.",
                "required": 0,
                "conditional_logic": 0,
                "wrapper": {
                    "width": "",
                    "class": "",
                    "id": ""
                },
                "default_value": "",
                "min": 0,
                "max": 99999,
                "allow_in_bindings": 1,
                "placeholder": "PLZ",
                "step": "",
                "prepend": "",
                "append": ""
            },
            {
                "allow_backendsearch": 1,
                "show_column_filter": false,
                "allow_bulkedit": 0,
                "allow_quickedit": 1,
                "show_column": 1,
                "show_column_weight": 1000,
                "show_column_sortable": 1,
                "key": "field_68dcf1d89046d",
                "label": "Straße und Hausnummer",
                "name": "job_location_street",
                "aria-label": "",
                "type": "text",
                "instructions": "Geben Sie hier die Straße und Hausnummer an.",
                "required": 0,
                "conditional_logic": 0,
                "wrapper": {
                    "width": "",
                    "class": "",
                    "id": ""
                },
                "default_value": "",
                "maxlength": "",
                "allow_in_bindings": 1,
                "placeholder": "Straße und Hausnummer",
                "prepend": "",
                "append": ""
            },
            {
                "allow_backendsearch": 0,
                "show_column_filter": false,
                "allow_bulkedit": 0,
                "allow_quickedit": 0,
                "show_column": 0,
                "show_column_weight": 1000,
                "show_column_sortable": false,
                "key": "field_68de70b4be3b7",
                "label": "Region\/Bundesland",
                "name": "job_location_region",
                "aria-label": "",
                "type": "text",
                "instructions": "Geben Sie hier eine Region oder Bundesland an.",
                "required": 0,
                "conditional_logic": 0,
                "wrapper": {
                    "width": "",
                    "class": "",
                    "id": ""
                },
                "default_value": "",
                "maxlength": "",
                "allow_in_bindings": 1,
                "placeholder": "Region oder Bundesland",
                "prepend": "",
                "append": ""
            },
            {
                "allow_backendsearch": 1,
                "show_column_filter": false,
                "allow_bulkedit": 0,
                "allow_quickedit": 1,
                "show_column": 1,
                "show_column_weight": 1000,
                "show_column_sortable": 1,
                "key": "field_68dcf1ef9046e",
                "label": "Land",
                "name": "job_location_country",
                "aria-label": "",
                "type": "text",
                "instructions": "Geben Sie hier das Land an.",
                "required": 0,
                "conditional_logic": 0,
                "wrapper": {
                    "width": "",
                    "class": "",
                    "id": ""
                },
                "default_value": "",
                "maxlength": "",
                "allow_in_bindings": 1,
                "placeholder": "Land",
                "prepend": "",
                "append": ""
            },
            {
                "allow_backendsearch": false,
                "show_column_filter": false,
                "allow_bulkedit": 0,
                "allow_quickedit": 0,
                "show_column": 0,
                "show_column_weight": 1000,
                "show_column_sortable": false,
                "key": "field_68de308b46c75",
                "label": "Jobs",
                "name": "job_location_jobs",
                "aria-label": "",
                "type": "post_object",
                "instructions": "Verknüpfte Stellenangebote.",
                "required": 0,
                "conditional_logic": 0,
                "wrapper": {
                    "width": "",
                    "class": "",
                    "id": ""
                },
                "post_type": [
                    "job"
                ],
                "post_status": "",
                "taxonomy": "",
                "return_format": "object",
                "multiple": 1,
                "allow_null": 1,
                "allow_in_bindings": 1,
                "bidirectional": 1,
                "bidirectional_target": [
                    "field_68dcf29cdcfbf"
                ],
                "ui": 1
            }
        ],
        "location": [
            [
                {
                    "param": "post_type",
                    "operator": "==",
                    "value": "job_location"
                }
            ]
        ],
        "menu_order": 0,
        "position": "acf_after_title",
        "style": "seamless",
        "label_placement": "top",
        "instruction_placement": "field",
        "hide_on_screen": [
            "permalink",
            "the_content",
            "excerpt",
            "discussion",
            "comments",
            "slug",
            "author",
            "format",
            "page_attributes",
            "featured_image",
            "categories",
            "tags",
            "send-trackbacks"
        ],
        "active": true,
        "description": "",
        "show_in_rest": 0,
        "display_title": ""
    },
    {
        "qef_simple_location_rules": 0,
        "key": "group_68dbed96a45df",
        "title": "Job Details",
        "fields": [
            {
                "allow_backendsearch": 0,
                "show_column_filter": false,
                "allow_bulkedit": 0,
                "allow_quickedit": 1,
                "show_column": 0,
                "show_column_weight": 1000,
                "show_column_sortable": false,
                "key": "field_68dbed9787698",
                "label": "Kurzbeschreibung",
                "name": "job_short_description",
                "aria-label": "",
                "type": "textarea",
                "instructions": "Hier bitte ein kurze Stellenbeschreibung eingeben.",
                "required": 1,
                "conditional_logic": 0,
                "wrapper": {
                    "width": "",
                    "class": "",
                    "id": ""
                },
                "default_value": "",
                "acfe_textarea_code": 0,
                "maxlength": "",
                "allow_in_bindings": 1,
                "rows": 7,
                "placeholder": "Kleine Stellenbeschreibung…",
                "new_lines": "br"
            },
            {
                "allow_backendsearch": false,
                "show_column_filter": 1,
                "allow_bulkedit": 0,
                "allow_quickedit": 1,
                "show_column": 1,
                "show_column_weight": 1000,
                "show_column_sortable": false,
                "key": "field_68de7a25cd78d",
                "label": "Job Typ",
                "name": "job_type",
                "aria-label": "",
                "type": "checkbox",
                "instructions": "Wählen Sie die Art der Tätigkeit.",
                "required": 1,
                "conditional_logic": 0,
                "wrapper": {
                    "width": "",
                    "class": "",
                    "id": ""
                },
                "choices": {
                    "FULL_TIME": "Vollzeit",
                    "PART_TIME": "Teilzeit",
                    "CONTRACTOR": "Stelle als Auftragnehmer",
                    "TEMPORARY": "temporäre Stelle",
                    "INTERN": "Praktikum",
                    "VOLUNTEER": "Ehrenamtlich",
                    "PER_DIEM": "pro Tag bezahlt",
                    "OTHER": "Ausbildung"
                },
                "default_value": [
                    "FULL_TIME"
                ],
                "return_format": "array",
                "allow_custom": 0,
                "allow_in_bindings": 1,
                "layout": "horizontal",
                "toggle": 1,
                "save_custom": 0,
                "custom_choice_button_text": "Eine neue Auswahlmöglichkeit hinzufügen"
            },
            {
                "allow_backendsearch": false,
                "show_column_filter": false,
                "allow_bulkedit": 0,
                "allow_quickedit": 0,
                "show_column": 1,
                "show_column_weight": 1000,
                "show_column_sortable": false,
                "key": "field_68dcea6b9b6fa",
                "label": "eigene URL für Stellenagebot (intern oder extern)",
                "name": "job_url",
                "aria-label": "",
                "type": "link",
                "instructions": "Wenn das Stellenangebot keine eigene Detailseite besitzen soll, geben Sie bitte hier eine interne oder externe URL ein, zu der die URL der Detailseite weiterleiten soll.",
                "required": 0,
                "conditional_logic": 0,
                "wrapper": {
                    "width": "",
                    "class": "",
                    "id": ""
                },
                "return_format": "array",
                "allow_in_bindings": 1
            },
            {
                "allow_backendsearch": false,
                "show_column_filter": 0,
                "allow_bulkedit": 0,
                "allow_quickedit": 1,
                "show_column": 0,
                "show_column_weight": 1000,
                "show_column_sortable": false,
                "key": "field_68de45a779674",
                "label": "Homeoffice und\/oder Präsenzarbeit",
                "name": "job_work_type",
                "aria-label": "",
                "type": "button_group",
                "instructions": "Wählen Sie hier ob die Arbeit im Homeoffice möglich ist, Präsenzarbeit gefordert wird oder beides möglich ist.",
                "required": 0,
                "conditional_logic": 0,
                "wrapper": {
                    "width": "",
                    "class": "",
                    "id": ""
                },
                "choices": {
                    "homeoffice": "Homeoffice",
                    "onsitework": "Präsenzarbeit",
                    "both": "Beides"
                },
                "default_value": "onsitework",
                "return_format": "array",
                "allow_null": 1,
                "allow_in_bindings": 1,
                "layout": "horizontal"
            },
            {
                "allow_backendsearch": false,
                "show_column_filter": false,
                "allow_bulkedit": 0,
                "allow_quickedit": 0,
                "show_column": 1,
                "show_column_weight": 1000,
                "show_column_sortable": 1,
                "key": "field_68dcf29cdcfbf",
                "label": "Arbeitsorte",
                "name": "job_location",
                "aria-label": "",
                "type": "post_object",
                "instructions": "Wählen Sie hier einen Arbeitsort aus.",
                "required": 0,
                "conditional_logic": 0,
                "wrapper": {
                    "width": "",
                    "class": "",
                    "id": ""
                },
                "post_type": [
                    "job_location"
                ],
                "post_status": "",
                "taxonomy": "",
                "return_format": "object",
                "multiple": 1,
                "allow_null": 1,
                "allow_in_bindings": 1,
                "bidirectional": 1,
                "bidirectional_target": [
                    "field_68de308b46c75"
                ],
                "ui": 1
            },
            {
                "allow_backendsearch": false,
                "show_column_filter": false,
                "allow_bulkedit": 0,
                "allow_quickedit": 0,
                "show_column": 1,
                "show_column_weight": 1000,
                "show_column_sortable": 1,
                "key": "field_68dcfa03be81e",
                "label": "Firma",
                "name": "job_company",
                "aria-label": "",
                "type": "post_object",
                "instructions": "Wählen Sie hier eine Firma aus.",
                "required": 0,
                "conditional_logic": 0,
                "wrapper": {
                    "width": "",
                    "class": "",
                    "id": ""
                },
                "post_type": [
                    "job_company"
                ],
                "post_status": "",
                "taxonomy": "",
                "return_format": "object",
                "multiple": 1,
                "allow_null": 1,
                "allow_in_bindings": 1,
                "bidirectional": 1,
                "bidirectional_target": [
                    "field_68de31fde1264"
                ],
                "ui": 1
            },
            {
                "allow_backendsearch": false,
                "show_column_filter": false,
                "allow_bulkedit": false,
                "allow_quickedit": false,
                "show_column": false,
                "show_column_weight": 1000,
                "show_column_sortable": false,
                "key": "field_68de5e180b619",
                "label": "Grundgehalt",
                "name": "job_base_salary_group",
                "aria-label": "",
                "type": "group",
                "instructions": "Angaben zum Grundgehalt.",
                "required": 0,
                "conditional_logic": 0,
                "wrapper": {
                    "width": "",
                    "class": "",
                    "id": ""
                },
                "layout": "table",
                "sub_fields": [
                    {
                        "allow_backendsearch": 0,
                        "show_column_filter": false,
                        "allow_bulkedit": 0,
                        "allow_quickedit": 0,
                        "show_column": 0,
                        "show_column_weight": 1000,
                        "show_column_sortable": false,
                        "key": "field_68de693589fde",
                        "label": "Betrag",
                        "name": "job_salary",
                        "aria-label": "",
                        "type": "number",
                        "instructions": "Geben Sie hier den Betrag des Grundgehalts an.",
                        "required": 0,
                        "conditional_logic": 0,
                        "wrapper": {
                            "width": "",
                            "class": "",
                            "id": ""
                        },
                        "default_value": "",
                        "min": "",
                        "max": "",
                        "allow_in_bindings": 1,
                        "placeholder": 1234,
                        "step": "",
                        "prepend": "",
                        "append": ""
                    },
                    {
                        "allow_backendsearch": false,
                        "show_column_filter": 0,
                        "allow_bulkedit": 0,
                        "allow_quickedit": 0,
                        "show_column": 0,
                        "show_column_weight": 1000,
                        "show_column_sortable": false,
                        "key": "field_68de69ae89fdf",
                        "label": "Währung",
                        "name": "job_salary_currency",
                        "aria-label": "",
                        "type": "select",
                        "instructions": "Geben Sie hier die Währung des Grundgehalts an.",
                        "required": 0,
                        "conditional_logic": 0,
                        "wrapper": {
                            "width": "",
                            "class": "",
                            "id": ""
                        },
                        "choices": {
                            "EUR": "€",
                            "USD": "$"
                        },
                        "default_value": "EUR",
                        "return_format": "array",
                        "multiple": 0,
                        "allow_null": 0,
                        "allow_in_bindings": 1,
                        "ui": 1,
                        "ajax": 0,
                        "placeholder": "",
                        "create_options": 0,
                        "save_options": 0
                    },
                    {
                        "allow_backendsearch": false,
                        "show_column_filter": 0,
                        "allow_bulkedit": 0,
                        "allow_quickedit": 0,
                        "show_column": 0,
                        "show_column_weight": 1000,
                        "show_column_sortable": false,
                        "key": "field_68de6a2d89fe0",
                        "label": "Zeitraum",
                        "name": "job_salary_period",
                        "aria-label": "",
                        "type": "select",
                        "instructions": "Geben Sie hier den Zeitraum pro Zahlung an.",
                        "required": 0,
                        "conditional_logic": 0,
                        "wrapper": {
                            "width": "",
                            "class": "",
                            "id": ""
                        },
                        "choices": {
                            "HOUR": "pro Stunde",
                            "DAY": "pro Tag",
                            "WEEK": "pro Woche",
                            "MONTH": "pro Monat",
                            "YEAR": "pro Jahr"
                        },
                        "default_value": "MONTH",
                        "return_format": "array",
                        "multiple": 0,
                        "allow_null": 0,
                        "allow_in_bindings": 1,
                        "ui": 1,
                        "ajax": 0,
                        "placeholder": "",
                        "create_options": 0,
                        "save_options": 0
                    }
                ]
            },
            {
                "allow_backendsearch": false,
                "show_column_filter": 0,
                "allow_bulkedit": 0,
                "allow_quickedit": 0,
                "show_column": 0,
                "show_column_weight": 1000,
                "show_column_sortable": false,
                "key": "field_68de5ae4736be",
                "label": "Attribute",
                "name": "job_attribute",
                "aria-label": "",
                "type": "taxonomy",
                "instructions": "Wählen Sie Attribute, Benefits, wie z. B. Parkplatz, Firmenwagen, 4-Tage-Woche etc.",
                "required": 0,
                "conditional_logic": 0,
                "wrapper": {
                    "width": "",
                    "class": "",
                    "id": ""
                },
                "taxonomy": "job-attribute",
                "add_term": 1,
                "save_terms": 1,
                "load_terms": 1,
                "return_format": "id",
                "field_type": "multi_select",
                "allow_null": 1,
                "allow_in_bindings": 1,
                "bidirectional": 0,
                "multiple": 0,
                "bidirectional_target": []
            },
            {
                "allow_backendsearch": false,
                "show_column_filter": 0,
                "allow_bulkedit": 0,
                "allow_quickedit": 1,
                "show_column": 1,
                "show_column_weight": 1000,
                "show_column_sortable": 1,
                "key": "field_68dd078cc97de",
                "label": "Position vergeben?",
                "name": "job_closed",
                "aria-label": "",
                "type": "true_false",
                "instructions": "",
                "required": 0,
                "conditional_logic": 0,
                "wrapper": {
                    "width": "",
                    "class": "",
                    "id": ""
                },
                "message": "Für vergebene Positionen können keine Bewerbungen mehr eingereicht werden.",
                "default_value": 0,
                "allow_in_bindings": 1,
                "ui_on_text": "Ja",
                "ui_off_text": "Nein",
                "ui": 1
            },
            {
                "allow_backendsearch": false,
                "show_column_filter": 0,
                "allow_bulkedit": 0,
                "allow_quickedit": 1,
                "show_column": 1,
                "show_column_weight": 1000,
                "show_column_sortable": 1,
                "key": "field_68dd087603966",
                "label": "Hervorgehobenes Stellenagebot?",
                "name": "job_featured",
                "aria-label": "",
                "type": "true_false",
                "instructions": "",
                "required": 0,
                "conditional_logic": 0,
                "wrapper": {
                    "width": "",
                    "class": "",
                    "id": ""
                },
                "message": "Hervorgehobene Stellenagebote erscheinen bei Suchanfragen oben und können optisch anders dargestellt werden.",
                "default_value": 0,
                "allow_in_bindings": 1,
                "ui_on_text": "Ja",
                "ui_off_text": "Nein",
                "ui": 1
            },
            {
                "allow_backendsearch": false,
                "show_column_filter": false,
                "allow_bulkedit": 0,
                "allow_quickedit": 1,
                "show_column": 1,
                "show_column_weight": 1000,
                "show_column_sortable": 1,
                "key": "field_68dd08cae64be",
                "label": "Stellenagebot Ablaufdatum",
                "name": "job_expiry_date",
                "aria-label": "",
                "type": "date_picker",
                "instructions": "Geben Sie bei Bedarf ein Ablaufdatum an, an dem keine Bewerbungen für dieses Stellenagebot mehr möglich sein sollen.",
                "required": 0,
                "conditional_logic": 0,
                "wrapper": {
                    "width": "",
                    "class": "",
                    "id": ""
                },
                "display_format": "d.m.Y",
                "return_format": "Y-m-d",
                "first_day": 1,
                "default_to_current_date": 0,
                "allow_in_bindings": 1
            }
        ],
        "location": [
            [
                {
                    "param": "post_type",
                    "operator": "==",
                    "value": "job"
                }
            ]
        ],
        "menu_order": 0,
        "position": "acf_after_title",
        "style": "seamless",
        "label_placement": "top",
        "instruction_placement": "field",
        "hide_on_screen": [
            "the_content",
            "excerpt",
            "discussion",
            "comments",
            "send-trackbacks"
        ],
        "active": true,
        "description": "",
        "show_in_rest": 0,
        "display_title": ""
    },
    {
        "qef_simple_location_rules": 0,
        "key": "group_68dcf8044f518",
        "title": "Job Firmendaten",
        "fields": [
            {
                "allow_backendsearch": false,
                "show_column_filter": false,
                "allow_bulkedit": 0,
                "allow_quickedit": 0,
                "show_column": 1,
                "show_column_weight": 1000,
                "show_column_sortable": false,
                "key": "field_68dcf805e6798",
                "label": "Firmenwebseite",
                "name": "job_company_url",
                "aria-label": "",
                "type": "link",
                "instructions": "Geben Sie hier eine Verlinkung\/URL zur Firmenwebseite an.",
                "required": 0,
                "conditional_logic": 0,
                "wrapper": {
                    "width": "",
                    "class": "",
                    "id": ""
                },
                "return_format": "array",
                "allow_in_bindings": 1
            },
            {
                "allow_backendsearch": false,
                "show_column_filter": false,
                "allow_bulkedit": 0,
                "allow_quickedit": 0,
                "show_column": 1,
                "show_column_weight": 1000,
                "show_column_sortable": false,
                "key": "field_68dcf8c63df61",
                "label": "Firmenlogo",
                "name": "job_company_logo",
                "aria-label": "",
                "type": "image",
                "instructions": "Wählen Sie hier das Firmenlogo aus.",
                "required": 0,
                "conditional_logic": 0,
                "wrapper": {
                    "width": "",
                    "class": "",
                    "id": ""
                },
                "uploader": "",
                "return_format": "array",
                "library": "all",
                "acfe_thumbnail": 0,
                "min_width": "",
                "min_height": "",
                "min_size": "",
                "max_width": "",
                "max_height": "",
                "max_size": "",
                "mime_types": "",
                "allow_in_bindings": 1,
                "preview_size": "thumbnail"
            },
            {
                "allow_backendsearch": false,
                "show_column_filter": false,
                "allow_bulkedit": 0,
                "allow_quickedit": 0,
                "show_column": 0,
                "show_column_weight": 1000,
                "show_column_sortable": false,
                "key": "field_68de31fde1264",
                "label": "Jobs",
                "name": "job_company_jobs",
                "aria-label": "",
                "type": "post_object",
                "instructions": "Verknüpfte Stellenangebote.",
                "required": 0,
                "conditional_logic": 0,
                "wrapper": {
                    "width": "",
                    "class": "",
                    "id": ""
                },
                "post_type": [
                    "job"
                ],
                "post_status": "",
                "taxonomy": "",
                "return_format": "object",
                "multiple": 1,
                "allow_null": 1,
                "allow_in_bindings": 1,
                "bidirectional": 1,
                "bidirectional_target": [
                    "field_68dcfa03be81e"
                ],
                "ui": 1
            }
        ],
        "location": [
            [
                {
                    "param": "post_type",
                    "operator": "==",
                    "value": "job_company"
                }
            ]
        ],
        "menu_order": 0,
        "position": "acf_after_title",
        "style": "default",
        "label_placement": "top",
        "instruction_placement": "field",
        "hide_on_screen": [
            "permalink",
            "the_content",
            "excerpt",
            "discussion",
            "comments",
            "slug",
            "author",
            "format",
            "page_attributes",
            "featured_image",
            "categories",
            "tags",
            "send-trackbacks"
        ],
        "active": true,
        "description": "",
        "show_in_rest": 0,
        "display_title": ""
    },
    {
        "qef_simple_location_rules": 0,
        "key": "group_68dd32486c477",
        "title": "Job Bewerbung",
        "fields": [
            {
                "allow_backendsearch": false,
                "show_column_filter": 0,
                "allow_bulkedit": 0,
                "allow_quickedit": 0,
                "show_column": 0,
                "show_column_weight": 1000,
                "show_column_sortable": false,
                "key": "field_68dd33fe405cd",
                "label": "Beschreibung\/Details zu Bewerbungsmöglichkeiten anzeigen?",
                "name": "job_application_show_description",
                "aria-label": "",
                "type": "true_false",
                "instructions": "Wählen Sie ob eine Beschreibung in Textform angezeigt werden soll.",
                "required": 0,
                "conditional_logic": 0,
                "wrapper": {
                    "width": "",
                    "class": "",
                    "id": ""
                },
                "message": "",
                "default_value": 1,
                "allow_in_bindings": 1,
                "ui_on_text": "Ja",
                "ui_off_text": "Nein",
                "ui": 1
            },
            {
                "allow_backendsearch": 1,
                "show_column_filter": false,
                "allow_bulkedit": false,
                "allow_quickedit": false,
                "show_column": false,
                "show_column_weight": 1000,
                "show_column_sortable": false,
                "key": "field_68dd324ae4eaa",
                "label": "Beschreibung zu Bewerbungsmöglichkeiten",
                "name": "job_application_description",
                "aria-label": "",
                "type": "wysiwyg",
                "instructions": "Geben Sie hier weiterführende Informationen und Details zu Bewerbungsmöglichkeiten ein.",
                "required": 0,
                "conditional_logic": [
                    [
                        {
                            "field": "field_68dd33fe405cd",
                            "operator": "==",
                            "value": "1"
                        }
                    ]
                ],
                "wrapper": {
                    "width": "",
                    "class": "",
                    "id": ""
                },
                "default_value": "",
                "allow_in_bindings": 1,
                "tabs": "all",
                "toolbar": "full",
                "media_upload": 1,
                "delay": 0
            },
            {
                "allow_backendsearch": false,
                "show_column_filter": 0,
                "allow_bulkedit": 0,
                "allow_quickedit": 0,
                "show_column": 0,
                "show_column_weight": 1000,
                "show_column_sortable": false,
                "key": "field_68dd392417e48",
                "label": "\"Jetzt bewerben\" Button anzeigen?",
                "name": "job_application_show_button",
                "aria-label": "",
                "type": "true_false",
                "instructions": "Wählen Sie ob ein Button, mit wählbarer Verlinkung, angezeigt werden soll?",
                "required": 0,
                "conditional_logic": 0,
                "wrapper": {
                    "width": "",
                    "class": "",
                    "id": ""
                },
                "message": "",
                "default_value": 0,
                "allow_in_bindings": 1,
                "ui_on_text": "Ja",
                "ui_off_text": "Nein",
                "ui": 1
            },
            {
                "allow_backendsearch": false,
                "show_column_filter": false,
                "allow_bulkedit": 0,
                "allow_quickedit": 0,
                "show_column": 0,
                "show_column_weight": 1000,
                "show_column_sortable": false,
                "key": "field_68dd3a0f5dfe4",
                "label": "\"Jetzt bewerben\" Button",
                "name": "job_application_button",
                "aria-label": "",
                "type": "link",
                "instructions": "Wählen Sie hier die Beschriftung und die Verlinkung\/URL des Buttons.",
                "required": 0,
                "conditional_logic": [
                    [
                        {
                            "field": "field_68dd392417e48",
                            "operator": "==",
                            "value": "1"
                        }
                    ]
                ],
                "wrapper": {
                    "width": "",
                    "class": "",
                    "id": ""
                },
                "return_format": "array",
                "allow_in_bindings": 1
            },
            {
                "allow_backendsearch": false,
                "show_column_filter": 0,
                "allow_bulkedit": 0,
                "allow_quickedit": 0,
                "show_column": 0,
                "show_column_weight": 1000,
                "show_column_sortable": false,
                "key": "field_68dd39a517e49",
                "label": "(Formular-)Shortcode anzeigen?",
                "name": "job_application_show_shortcode",
                "aria-label": "",
                "type": "true_false",
                "instructions": "Wählen Sie ob ein Shortcode, für z. B. ein Bewerbungsformular, angezeigt werden soll.",
                "required": 0,
                "conditional_logic": 0,
                "wrapper": {
                    "width": "",
                    "class": "",
                    "id": ""
                },
                "message": "",
                "default_value": 0,
                "allow_in_bindings": 1,
                "ui_on_text": "Ja",
                "ui_off_text": "Nein",
                "ui": 1
            },
            {
                "allow_backendsearch": 0,
                "show_column_filter": false,
                "allow_bulkedit": 0,
                "allow_quickedit": 0,
                "show_column": 0,
                "show_column_weight": 1000,
                "show_column_sortable": false,
                "key": "field_68dd3a7402384",
                "label": "Shortcode",
                "name": "job_application_shortcode",
                "aria-label": "",
                "type": "text",
                "instructions": "Geben Sie hier den Shortcode ein.",
                "required": 0,
                "conditional_logic": [
                    [
                        {
                            "field": "field_68dd39a517e49",
                            "operator": "==",
                            "value": "1"
                        }
                    ]
                ],
                "wrapper": {
                    "width": "",
                    "class": "",
                    "id": ""
                },
                "default_value": "",
                "maxlength": "",
                "allow_in_bindings": 1,
                "placeholder": "[shortcode ...]",
                "prepend": "",
                "append": ""
            }
        ],
        "location": [
            [
                {
                    "param": "post_type",
                    "operator": "==",
                    "value": "job"
                }
            ]
        ],
        "menu_order": 5,
        "position": "acf_after_title",
        "style": "seamless",
        "label_placement": "top",
        "instruction_placement": "field",
        "hide_on_screen": [
            "the_content",
            "excerpt",
            "discussion",
            "comments",
            "send-trackbacks"
        ],
        "active": true,
        "description": "",
        "show_in_rest": 0,
        "display_title": ""
    },
    {
        "qef_simple_location_rules": 0,
        "key": "group_68dd0a3f945a5",
        "title": "Job Layout\/Inhalt",
        "fields": [
            {
                "allow_backendsearch": false,
                "show_column_filter": false,
                "allow_bulkedit": false,
                "allow_quickedit": false,
                "show_column": false,
                "show_column_weight": 1000,
                "show_column_sortable": false,
                "key": "field_68dd0a4114356",
                "label": "Inhalt",
                "name": "job_layout_content",
                "aria-label": "",
                "type": "flexible_content",
                "instructions": "Erstelle Sie hier eine ausführliche Beschreibung des Stellenangebots, mittels eines kleinen Layout-Editors.",
                "required": 0,
                "conditional_logic": 0,
                "wrapper": {
                    "width": "",
                    "class": "",
                    "id": ""
                },
                "layouts": {
                    "layout_68dd0a565b15c": {
                        "key": "layout_68dd0a565b15c",
                        "name": "layout_2_col_text_img",
                        "label": "2-spaltiges Layout (Text links \/ Bild rechts)",
                        "display": "block",
                        "sub_fields": [
                            {
                                "allow_backendsearch": 0,
                                "show_column_filter": false,
                                "allow_bulkedit": false,
                                "allow_quickedit": false,
                                "show_column": false,
                                "show_column_weight": 1000,
                                "show_column_sortable": false,
                                "key": "field_68dd0bc9e1349",
                                "label": "Text (links)",
                                "name": "text_left",
                                "aria-label": "",
                                "type": "wysiwyg",
                                "instructions": "",
                                "required": 0,
                                "conditional_logic": 0,
                                "wrapper": {
                                    "width": "",
                                    "class": "",
                                    "id": ""
                                },
                                "default_value": "",
                                "allow_in_bindings": 1,
                                "tabs": "all",
                                "toolbar": "full",
                                "media_upload": 1,
                                "delay": 0
                            },
                            {
                                "allow_backendsearch": false,
                                "show_column_filter": false,
                                "allow_bulkedit": 0,
                                "allow_quickedit": 0,
                                "show_column": 0,
                                "show_column_weight": 1000,
                                "show_column_sortable": false,
                                "key": "field_68dd0bf7e134a",
                                "label": "Bild (rechts)",
                                "name": "img_right",
                                "aria-label": "",
                                "type": "image",
                                "instructions": "",
                                "required": 0,
                                "conditional_logic": 0,
                                "wrapper": {
                                    "width": "",
                                    "class": "",
                                    "id": ""
                                },
                                "uploader": "",
                                "return_format": "array",
                                "library": "all",
                                "acfe_thumbnail": 0,
                                "min_width": "",
                                "min_height": "",
                                "min_size": "",
                                "max_width": "",
                                "max_height": "",
                                "max_size": "",
                                "mime_types": "",
                                "allow_in_bindings": 1,
                                "preview_size": "medium"
                            }
                        ],
                        "min": "",
                        "max": ""
                    },
                    "layout_68dd0c3fc62c9": {
                        "key": "layout_68dd0c3fc62c9",
                        "name": "layout_2_col_img_text",
                        "label": "2-spaltiges Layout (Bild links \/ Text rechts)",
                        "display": "block",
                        "sub_fields": [
                            {
                                "allow_backendsearch": false,
                                "show_column_filter": false,
                                "allow_bulkedit": 0,
                                "allow_quickedit": 0,
                                "show_column": 0,
                                "show_column_weight": 1000,
                                "show_column_sortable": false,
                                "key": "field_68dd0c5dc62cb",
                                "label": "Bild (links)",
                                "name": "img_left",
                                "aria-label": "",
                                "type": "image",
                                "instructions": "",
                                "required": 0,
                                "conditional_logic": 0,
                                "wrapper": {
                                    "width": "",
                                    "class": "",
                                    "id": ""
                                },
                                "uploader": "",
                                "return_format": "array",
                                "library": "all",
                                "acfe_thumbnail": 0,
                                "min_width": "",
                                "min_height": "",
                                "min_size": "",
                                "max_width": "",
                                "max_height": "",
                                "max_size": "",
                                "mime_types": "",
                                "allow_in_bindings": 1,
                                "preview_size": "medium"
                            },
                            {
                                "allow_backendsearch": 0,
                                "show_column_filter": false,
                                "allow_bulkedit": false,
                                "allow_quickedit": false,
                                "show_column": false,
                                "show_column_weight": 1000,
                                "show_column_sortable": false,
                                "key": "field_68dd0c76c62cc",
                                "label": "Text (rechts)",
                                "name": "text_right",
                                "aria-label": "",
                                "type": "wysiwyg",
                                "instructions": "",
                                "required": 0,
                                "conditional_logic": 0,
                                "wrapper": {
                                    "width": "",
                                    "class": "",
                                    "id": ""
                                },
                                "default_value": "",
                                "allow_in_bindings": 1,
                                "tabs": "all",
                                "toolbar": "full",
                                "media_upload": 1,
                                "delay": 0
                            }
                        ],
                        "min": "",
                        "max": ""
                    },
                    "layout_68dd0d304dce6": {
                        "key": "layout_68dd0d304dce6",
                        "name": "layout_wysiwyg_full",
                        "label": "Inhaltseditor über die volle Breite",
                        "display": "block",
                        "sub_fields": [
                            {
                                "allow_backendsearch": 0,
                                "show_column_filter": false,
                                "allow_bulkedit": false,
                                "allow_quickedit": false,
                                "show_column": false,
                                "show_column_weight": 1000,
                                "show_column_sortable": false,
                                "key": "field_68dd0d654dce8",
                                "label": "Inhaltseditor (volle Breite)",
                                "name": "wysiwyg_full",
                                "aria-label": "",
                                "type": "wysiwyg",
                                "instructions": "",
                                "required": 0,
                                "conditional_logic": 0,
                                "wrapper": {
                                    "width": "",
                                    "class": "",
                                    "id": ""
                                },
                                "default_value": "",
                                "allow_in_bindings": 1,
                                "tabs": "all",
                                "toolbar": "full",
                                "media_upload": 1,
                                "delay": 0
                            }
                        ],
                        "min": "",
                        "max": ""
                    }
                },
                "min": "",
                "max": "",
                "button_label": "Eintrag hinzufügen"
            }
        ],
        "location": [
            [
                {
                    "param": "post_type",
                    "operator": "==",
                    "value": "job"
                }
            ]
        ],
        "menu_order": 10,
        "position": "acf_after_title",
        "style": "seamless",
        "label_placement": "top",
        "instruction_placement": "label",
        "hide_on_screen": [
            "the_content",
            "excerpt",
            "discussion",
            "comments",
            "send-trackbacks"
        ],
        "active": true,
        "description": "",
        "show_in_rest": 0,
        "display_title": ""
    },
    {
        "key": "taxonomy_68de485305d59",
        "title": "Job Attribute",
        "menu_order": 0,
        "active": true,
        "taxonomy": "job-attribute",
        "object_type": [
            "job"
        ],
        "advanced_configuration": 1,
        "import_source": "",
        "import_date": "",
        "labels": {
            "name": "Job Attribute",
            "singular_name": "Job Attribut",
            "menu_name": "Job Attribute",
            "all_items": "Alle Job Attribute",
            "edit_item": "Job Attribut bearbeiten",
            "view_item": "Job Attribut anzeigen",
            "update_item": "Job Attribut aktualisieren",
            "add_new_item": "Neu hinzufügen: Job Attribut",
            "new_item_name": "Neuer Job Attribut-Name",
            "search_items": "Job Attribut suchen",
            "popular_items": "Beliebte Job Attribute",
            "separate_items_with_commas": "Trenne Job Attribute durch Kommas",
            "add_or_remove_items": "Job Attribut hinzufügen oder entfernen",
            "choose_from_most_used": "Wähle aus den meistgenutzten Job Attributen",
            "most_used": "",
            "not_found": "Job Attribute konnten nicht gefunden werden",
            "no_terms": "Keine Job Attribute-Taxonomien",
            "name_field_description": "",
            "slug_field_description": "",
            "desc_field_description": "",
            "items_list_navigation": "Job Attribut-Listen-Navigation",
            "items_list": "Job Attribute-Liste",
            "back_to_items": "← Zu Job Attributen gehen",
            "item_link": "Job Attribut-Link",
            "item_link_description": "Ein Link zu einer Taxonomie Job Attribut"
        },
        "description": "Job Attribute, Benefits etc. wie z. B. Parkplatz, Firmenwagen, 4-Tage-Woche etc.",
        "capabilities": {
            "manage_terms": "manage_categories",
            "edit_terms": "manage_categories",
            "delete_terms": "manage_categories",
            "assign_terms": "edit_posts"
        },
        "public": 0,
        "publicly_queryable": 0,
        "hierarchical": 0,
        "show_ui": 1,
        "show_in_menu": 1,
        "show_in_nav_menus": 0,
        "show_in_rest": 1,
        "rest_base": "job-attribute",
        "rest_namespace": "wp\/v2",
        "rest_controller_class": "WP_REST_Terms_Controller",
        "show_tagcloud": 0,
        "show_in_quick_edit": 1,
        "show_admin_column": 0,
        "rewrite": {
            "permalink_rewrite": "taxonomy_key",
            "with_front": "0",
            "rewrite_hierarchical": "0"
        },
        "query_var": "taxonomy_key",
        "query_var_name": "",
        "default_term": {
            "default_term_enabled": "0"
        },
        "sort": 1,
        "meta_box": "disabled",
        "meta_box_cb": "",
        "meta_box_sanitize_cb": ""
    },
    {
        "key": "post_type_68dcefa2209d6",
        "title": "Arbeitsorte",
        "menu_order": 0,
        "active": true,
        "post_type": "job_location",
        "advanced_configuration": true,
        "import_source": "",
        "import_date": "",
        "labels": {
            "name": "Arbeitsorte",
            "singular_name": "Arbeitsort",
            "menu_name": "Arbeitsorte",
            "all_items": "Alle Arbeitsorte",
            "edit_item": "Arbeitsort bearbeiten",
            "view_item": "Arbeitsort anzeigen",
            "view_items": "Arbeitsorte anzeigen",
            "add_new_item": "Neu hinzufügen: Arbeitsort",
            "add_new": "Neu hinzufügen: Arbeitsort",
            "new_item": "Neuer Inhaltstyp Arbeitsort",
            "parent_item_colon": "Arbeitsort, übergeordnet:",
            "search_items": "Arbeitsorte suchen",
            "not_found": "Arbeitsorte konnten nicht gefunden werden",
            "not_found_in_trash": "Arbeitsorte konnten nicht im Papierkorb gefunden werden",
            "archives": "Arbeitsort-Archive",
            "attributes": "Arbeitsort-Attribute",
            "featured_image": "",
            "set_featured_image": "",
            "remove_featured_image": "",
            "use_featured_image": "",
            "insert_into_item": "In arbeitsort einfügen",
            "uploaded_to_this_item": "Zu diesem Arbeitsort hochgeladen",
            "filter_items_list": "Arbeitsorte-Liste filtern",
            "filter_by_date": "Arbeitsorte nach Datum filtern",
            "items_list_navigation": "Arbeitsorte-Listen-Navigation",
            "items_list": "Arbeitsorte-Liste",
            "item_published": "Arbeitsort wurde veröffentlicht.",
            "item_published_privately": "Arbeitsort wurde privat veröffentlicht.",
            "item_reverted_to_draft": "Arbeitsort wurde auf Entwurf zurückgesetzt.",
            "item_scheduled": "Arbeitsort wurde geplant.",
            "item_updated": "Arbeitsort wurde aktualisiert.",
            "item_link": "Arbeitsort-Link",
            "item_link_description": "Ein Link zu einem Inhaltstyp Arbeitsort"
        },
        "description": "Geben Sie hier Details zum Arbeitsort an.",
        "public": false,
        "hierarchical": false,
        "exclude_from_search": true,
        "publicly_queryable": true,
        "show_ui": true,
        "show_in_menu": true,
        "admin_menu_parent": "edit.php?post_type=job",
        "show_in_admin_bar": false,
        "show_in_nav_menus": false,
        "show_in_rest": true,
        "rest_base": "job_location",
        "rest_namespace": "wp\/v2",
        "rest_controller_class": "WP_REST_Posts_Controller",
        "menu_position": "",
        "menu_icon": "",
        "rename_capabilities": false,
        "singular_capability_name": "post",
        "plural_capability_name": "posts",
        "supports": [
            "title",
            "revisions"
        ],
        "taxonomies": "",
        "has_archive": false,
        "has_archive_slug": "",
        "rewrite": {
            "permalink_rewrite": "post_type_key",
            "with_front": "1",
            "feeds": "0",
            "pages": "1"
        },
        "query_var": "post_type_key",
        "query_var_name": "",
        "can_export": true,
        "delete_with_user": false,
        "register_meta_box_cb": "",
        "enter_title_here": "Standortname"
    },
    {
        "key": "post_type_68dcf6d00a103",
        "title": "Firmen",
        "menu_order": 0,
        "active": true,
        "post_type": "job_company",
        "advanced_configuration": true,
        "import_source": "",
        "import_date": "",
        "labels": {
            "name": "Firmen",
            "singular_name": "Firma",
            "menu_name": "Firmen",
            "all_items": "Alle Firmen",
            "edit_item": "Firma bearbeiten",
            "view_item": "Firma anzeigen",
            "view_items": "Firmen anzeigen",
            "add_new_item": "Neu hinzufügen: Firma",
            "add_new": "Neu hinzufügen: Firma",
            "new_item": "Neuer Inhaltstyp Firma",
            "parent_item_colon": "Firma, übergeordnet:",
            "search_items": "Firmen suchen",
            "not_found": "Firmen konnten nicht gefunden werden",
            "not_found_in_trash": "Firmen konnten nicht im Papierkorb gefunden werden",
            "archives": "Firmen-Archive",
            "attributes": "Firmen-Attribute",
            "featured_image": "",
            "set_featured_image": "",
            "remove_featured_image": "",
            "use_featured_image": "",
            "insert_into_item": "In Firma einfügen",
            "uploaded_to_this_item": "Zu dieser Firma hochgeladen",
            "filter_items_list": "Firmen-Liste filtern",
            "filter_by_date": "Firmen nach Datum filtern",
            "items_list_navigation": "Firmen-Listen-Navigation",
            "items_list": "Firmen-Liste",
            "item_published": "Firma wurde veröffentlicht.",
            "item_published_privately": "Firma wurde privat veröffentlicht.",
            "item_reverted_to_draft": "Firma wurde auf Entwurf zurückgesetzt.",
            "item_scheduled": "Firma wurde geplant.",
            "item_updated": "Firma wurde aktualisiert.",
            "item_link": "Firmen-Link",
            "item_link_description": "Ein Link zu einem Inhaltstyp Firma"
        },
        "description": "Firmendaten für Stellenangebote.",
        "public": false,
        "hierarchical": false,
        "exclude_from_search": true,
        "publicly_queryable": true,
        "show_ui": true,
        "show_in_menu": true,
        "admin_menu_parent": "edit.php?post_type=job",
        "show_in_admin_bar": false,
        "show_in_nav_menus": false,
        "show_in_rest": true,
        "rest_base": "job_company",
        "rest_namespace": "wp\/v2",
        "rest_controller_class": "WP_REST_Posts_Controller",
        "menu_position": "",
        "menu_icon": "",
        "rename_capabilities": false,
        "singular_capability_name": "post",
        "plural_capability_name": "posts",
        "supports": [
            "title",
            "revisions"
        ],
        "taxonomies": "",
        "has_archive": false,
        "has_archive_slug": "",
        "rewrite": {
            "permalink_rewrite": "post_type_key",
            "with_front": "1",
            "feeds": "0",
            "pages": "1"
        },
        "query_var": "post_type_key",
        "query_var_name": "",
        "can_export": true,
        "delete_with_user": false,
        "register_meta_box_cb": "",
        "enter_title_here": "Firmenname"
    },
    {
        "key": "post_type_68dbca222ad4e",
        "title": "Jobs",
        "menu_order": 0,
        "active": true,
        "post_type": "job",
        "advanced_configuration": true,
        "import_source": "",
        "import_date": "",
        "labels": {
            "name": "Jobs",
            "singular_name": "Job",
            "menu_name": "Jobs",
            "all_items": "Alle Jobs",
            "edit_item": "Job bearbeiten",
            "view_item": "Job anzeigen",
            "view_items": "Jobs anzeigen",
            "add_new_item": "Neu hinzufügen: Job",
            "add_new": "Neu hinzufügen: Job",
            "new_item": "Neuer Inhaltstyp Job",
            "parent_item_colon": "Job, übergeordnet:",
            "search_items": "Jobs suchen",
            "not_found": "Job konnten nicht gefunden werden",
            "not_found_in_trash": "Job konnten nicht im Papierkorb gefunden werden",
            "archives": "Job-Archive",
            "attributes": "Job-Attribute",
            "featured_image": "",
            "set_featured_image": "",
            "remove_featured_image": "",
            "use_featured_image": "",
            "insert_into_item": "In job einfügen",
            "uploaded_to_this_item": "Zu diesem job hochgeladen",
            "filter_items_list": "Jobs-Liste filtern",
            "filter_by_date": "Jobs nach Datum filtern",
            "items_list_navigation": "Jobs-Listen-Navigation",
            "items_list": "Jobs-Liste",
            "item_published": "Job wurde veröffentlicht.",
            "item_published_privately": "Job wurde privat veröffentlicht.",
            "item_reverted_to_draft": "Job wurde auf Entwurf zurückgesetzt.",
            "item_scheduled": "Job wurde geplant.",
            "item_updated": "Job wurde aktualisiert.",
            "item_link": "Job-Link",
            "item_link_description": "Ein Link zu einem Inhaltstyp job"
        },
        "description": "Stellenangebot",
        "public": true,
        "hierarchical": false,
        "exclude_from_search": false,
        "publicly_queryable": true,
        "show_ui": true,
        "show_in_menu": true,
        "admin_menu_parent": "",
        "show_in_admin_bar": true,
        "show_in_nav_menus": true,
        "show_in_rest": true,
        "rest_base": "jobs",
        "rest_namespace": "wp\/v2",
        "rest_controller_class": "WP_REST_Posts_Controller",
        "menu_position": "",
        "menu_icon": {
            "type": "dashicons",
            "value": "dashicons-businessman"
        },
        "rename_capabilities": false,
        "singular_capability_name": "post",
        "plural_capability_name": "posts",
        "supports": [
            "title",
            "author",
            "excerpt",
            "revisions",
            "thumbnail",
            "custom-fields"
        ],
        "taxonomies": "",
        "has_archive": true,
        "has_archive_slug": "jobs",
        "rewrite": {
            "permalink_rewrite": "post_type_key",
            "with_front": "1",
            "feeds": "1",
            "pages": "1"
        },
        "query_var": "post_type_key",
        "query_var_name": "",
        "can_export": true,
        "delete_with_user": false,
        "register_meta_box_cb": "",
        "enter_title_here": "Position"
    }
]
